Index ,Country/Region,CountryCode,02/01/2020,03/01/2020,04/01/2020,05/01/2020,06/01/2020,07/01/2020,08/01/2020,09/01/2020,10/01/2020,11/01/2020,12/01/2020,13/01/2020,14/01/2020,15/01/2020,16/01/2020,17/01/2020,18/01/2020,19/01/2020,20/01/2020,21/01/2020,22/01/2020,23/01/2020,24/01/2020,25/01/2020,26/01/2020,27/01/2020,28/01/2020,29/01/2020,30/01/2020,31/01/2020,01/02/2020,02/02/2020,03/02/2020,04/02/2020,05/02/2020,06/02/2020,07/02/2020,08/02/2020,09/02/2020,10/02/2020,11/02/2020,12/02/2020,13/02/2020,14/02/2020,15/02/2020,16/02/2020,17/02/2020,18/02/2020,19/02/2020,20/02/2020,21/02/2020,22/02/2020,23/02/2020,24/02/2020,25/02/2020,26/02/2020,27/02/2020,28/02/2020,29/02/2020,01/03/2020,02/03/2020,03/03/2020,04/03/2020,05/03/2020,06/03/2020,07/03/2020,08/03/2020,09/03/2020,10/03/2020,11/03/2020,12/03/2020,13/03/2020,14/03/2020,15/03/2020,16/03/2020,17/03/2020,18/03/2020,19/03/2020,20/03/2020,21/03/2020,22/03/2020,23/03/2020,24/03/2020,25/03/2020,26/03/2020,27/03/2020,28/03/2020,29/03/2020,30/03/2020,31/03/2020,01/04/2020,02/04/2020,03/04/2020,04/04/2020,05/04/2020,06/04/2020,07/04/2020,08/04/2020,09/04/2020,10/04/2020,11/04/2020,12/04/2020,13/04/2020,14/04/2020,15/04/2020
SHCOMP Index,China,CHN,"3,066","3,089","3,083","3,077","3,071","3,085","3,094","3,083","3,102","3,099","3,095","3,091","3,121","3,103","3,096","3,081","3,082","3,082","3,082","3,086","3,038","3,038","3,009","2,980","2,950","2,921","2,892","2,863","2,834","2,804","2,775","2,746","2,717","2,685","2,792","2,827","2,859","2,859","2,860","2,860","2,895","2,896","2,927","2,900","2,908","2,917","2,925","2,981","2,980","2,982","3,022","3,024","3,026","3,028","2,982","2,978","2,992","2,925","2,916","2,908","2,899","3,007","2,982","3,036","3,040","3,022","3,005","2,987","2,919","3,002","2,936","2,804","2,835","2,866","2,897","2,796","2,792","2,719","2,727","2,711","2,694","2,678","2,703","2,775","2,762","2,793","2,775","2,757","2,740","2,767","2,744","2,720","2,774","2,782","2,790","2,797","2,807","2,806","2,826","2,827","2,813","2,799","2,785","2,795","2,827"
ATX Index,Austria,AUT,"3,188","3,230","3,225","3,220","3,215","3,202","3,190","3,196","3,204","3,209","3,214","3,220","3,216","3,210","3,172","3,175","3,174","3,174","3,173","3,172","3,159","3,152","3,122","3,130","3,138","3,146","3,098","3,120","3,133","3,101","3,092","3,083","3,074","3,059","3,084","3,126","3,143","3,142","3,141","3,140","3,119","3,174","3,205","3,195","3,201","3,207","3,213","3,208","3,179","3,199","3,173","3,165","3,156","3,147","3,040","2,970","2,956","2,845","2,827","2,808","2,790","2,780","2,811","2,799","2,720","2,685","2,650","2,614","2,379","2,363","2,302","1,989","1,993","1,997","2,001","1,794","1,767","1,632","1,707","1,767","1,828","1,888","1,882","2,035","2,018","2,057","2,038","2,019","2,001","1,990","2,000","1,954","1,982","1,976","1,971","1,966","2,050","2,127","2,115","2,129","2,143","2,157","2,170","2,184","2,173"
BEL20 Index,Belgium,BEL,"3,983","4,002","3,988","3,974","3,961","3,982","3,966","4,019","4,025","4,025","4,026","4,026","3,985","3,986","3,978","3,997","4,002","4,006","4,010","3,997","4,024","4,007","4,000","3,982","3,964","3,946","3,919","3,957","3,932","3,939","3,929","3,920","3,910","3,955","4,044","4,114","4,125","4,111","4,097","4,084","4,122","4,150","4,173","4,185","4,186","4,188","4,189","4,173","4,159","4,143","4,095","4,058","4,020","3,982","3,927","3,790","3,733","3,535","3,544","3,553","3,563","3,611","3,578","3,642","3,478","3,402","3,325","3,249","3,218","3,211","3,020","2,796","2,738","2,680","2,623","2,635","2,517","2,631","2,761","2,733","2,704","2,676","2,795","2,981","2,853","2,932","2,906","2,880","2,854","2,864","2,837","2,878","2,881","2,909","2,937","2,965","3,036","3,029","3,106","3,111","3,116","3,121","3,126","3,131","3,045"
OMXC25 Index,Denmark,DNK,"1,254","1,252","1,247","1,242","1,237","1,240","1,240","1,241","1,247","1,247","1,247","1,248","1,251","1,255","1,274","1,273","1,277","1,281","1,286","1,287","1,287","1,294","1,290","1,292","1,293","1,295","1,271","1,277","1,292","1,278","1,277","1,277","1,276","1,280","1,299","1,331","1,343","1,342","1,340","1,339","1,334","1,352","1,347","1,348","1,351","1,353","1,356","1,352","1,365","1,377","1,372","1,365","1,357","1,349","1,309","1,285","1,282","1,217","1,226","1,235","1,243","1,255","1,264","1,288","1,242","1,211","1,180","1,149","1,164","1,151","1,051","1,051","1,035","1,019","1,002","1,038","1,015","1,009","1,056","1,033","1,011",989,"1,026","1,069","1,055","1,080","1,081","1,083","1,085","1,136","1,112","1,120","1,116","1,129","1,142","1,155","1,165","1,155","1,158","1,161","1,164","1,167","1,170","1,173","1,185"
HEX25 Index,Finland,FIN,"4,225","4,282","4,278","4,274","4,271","4,266","4,255","4,244","4,240","4,247","4,254","4,261","4,297","4,298","4,297","4,339","4,349","4,359","4,368","4,396","4,366","4,351","4,323","4,325","4,326","4,327","4,251","4,322","4,306","4,325","4,315","4,304","4,294","4,295","4,359","4,457","4,484","4,498","4,512","4,527","4,534","4,578","4,551","4,549","4,550","4,551","4,552","4,525","4,465","4,503","4,481","4,469","4,457","4,445","4,317","4,234","4,265","4,032","4,066","4,100","4,134","4,100","4,093","4,144","3,942","3,836","3,731","3,625","3,624","3,572","3,321","3,196","3,126","3,055","2,985","3,016","2,931","2,904","3,133","3,068","3,004","2,939","3,012","3,223","3,207","3,291","3,268","3,245","3,222","3,284","3,277","3,287","3,279","3,295","3,310","3,326","3,428","3,419","3,482","3,492","3,502","3,512","3,522","3,532","3,532"
CAC Index,France,FRA,"6,017","6,008","6,006","6,003","6,001","6,033","5,987","6,067","6,057","6,051","6,046","6,041","6,037","6,043","6,040","6,066","6,075","6,084","6,093","6,034","6,054","5,992","6,020","5,988","5,956","5,924","5,887","5,922","5,886","5,892","5,868","5,845","5,822","5,863","5,919","6,045","6,028","6,021","6,015","6,008","6,048","6,064","6,077","6,096","6,091","6,085","6,080","6,042","6,086","6,105","6,035","5,982","5,929","5,876","5,825","5,646","5,572","5,311","5,346","5,381","5,416","5,408","5,400","5,491","5,254","5,118","4,981","4,845","4,771","4,716","4,375","4,234","4,119","4,003","3,887","4,041","3,906","3,834","4,067","4,001","3,935","3,869","4,088","4,340","4,333","4,434","4,410","4,386","4,362","4,438","4,260","4,244","4,205","4,236","4,267","4,299","4,489","4,397","4,512","4,521","4,529","4,537","4,545","4,554","4,512"
FTSEMIB Index,Italy,ITA,"23,607","23,710","23,662","23,614","23,566","23,688","23,551","23,980","24,061","24,061","24,061","24,061","23,932","23,903","23,862","24,043","24,039","24,036","24,033","23,858","23,888","23,716","23,848","23,803","23,758","23,713","23,545","24,053","23,892","23,863","23,674","23,486","23,297","23,573","23,816","24,348","24,465","24,456","24,446","24,437","24,617","24,738","24,769","24,942","24,949","24,955","24,962","24,986","25,353","25,415","24,979","24,626","24,272","23,919","23,586","22,961","22,969","22,059","22,150","22,242","22,333","22,116","21,740","22,012","20,987","20,918","20,850","20,781","18,654","18,172","17,654","15,108","15,305","15,501","15,697","15,420","14,986","15,417","15,773","15,621","15,470","15,318","15,978","17,247","16,877","17,039","16,978","16,917","16,856","17,097","16,600","16,660","16,742","16,751","16,760","16,769","17,588","17,212","17,686","17,713","17,740","17,767","17,795","17,822","17,455"
DAX Index,Germany,DEU,"13,234","13,266","13,206","13,146","13,085","13,200","13,140","13,475","13,533","13,530","13,526","13,522","13,439","13,445","13,463","13,513","13,510","13,507","13,504","13,457","13,602","13,456","13,513","13,467","13,421","13,375","13,274","13,316","13,186","13,197","13,142","13,088","13,033","13,136","13,224","13,570","13,531","13,513","13,494","13,476","13,605","13,671","13,696","13,756","13,761","13,766","13,771","13,669","13,751","13,774","13,610","13,484","13,358","13,231","13,132","12,682","12,527","11,892","11,938","11,984","12,030","12,013","11,993","12,191","11,695","11,360","11,025","10,690","10,725","10,602","9,864","9,481","9,230","8,979","8,728","9,141","8,613","8,496","9,080","8,899","8,718","8,536","9,242","9,987","9,621","9,794","9,771","9,748","9,726","9,971","9,611","9,587","9,535","9,653","9,771","9,889","10,464","10,302","10,491","10,539","10,588","10,637","10,685","10,734","10,678"
ASE Index,Greece,GRC,918,926,924,922,920,917,916,920,927,926,925,924,920,924,930,932,933,934,935,938,943,940,942,943,944,945,937,935,928,921,916,910,905,911,918,924,921,918,915,911,907,919,920,919,920,921,923,917,914,918,912,903,894,885,816,829,806,766,755,744,735,721,763,776,721,709,697,685,594,627,602,540,543,547,550,486,491,488,526,535,544,553,514,533,552,570,563,556,550,560,554,539,541,542,544,546,590,606,611,611,610,610,610,610,626
ICEXI Index,Iceland,ISL,"1,516","1,542","1,537","1,532","1,526","1,519","1,534","1,532","1,535","1,542","1,549","1,555","1,552","1,555","1,559","1,569","1,574","1,579","1,585","1,557","1,551","1,538","1,507","1,514","1,522","1,529","1,506","1,507","1,501","1,489","1,491","1,493","1,495","1,489","1,499","1,522","1,522","1,526","1,530","1,534","1,522","1,518","1,523","1,505","1,506","1,507","1,509","1,507","1,520","1,541","1,542","1,547","1,552","1,557","1,503","1,473","1,464","1,423","1,411","1,400","1,389","1,349","1,393","1,391","1,373","1,354","1,335","1,316","1,272","1,292","1,324","1,223","1,236","1,248","1,261","1,204","1,206","1,193","1,228","1,234","1,241","1,247","1,182","1,195","1,228","1,278","1,280","1,282","1,283","1,276","1,290","1,271","1,269","1,268","1,267","1,266","1,296","1,328","1,329","1,330","1,330","1,331","1,331","1,332","1,337"
ISEQ Index,Ireland,IRL,"7,172","7,314","7,290","7,266","7,242","7,214","7,238","7,216","7,258","7,264","7,269","7,274","7,236","7,239","7,169","7,158","7,172","7,186","7,200","7,185","7,139","7,170","7,120","7,139","7,158","7,178","7,057","7,077","7,167","7,078","7,056","7,034","7,012","7,101","7,126","7,209","7,189","7,177","7,165","7,152","7,066","7,156","7,193","7,155","7,160","7,165","7,171","7,158","7,156","7,254","7,235","7,237","7,239","7,240","6,925","6,828","6,829","6,567","6,509","6,452","6,394","6,389","6,487","6,548","6,402","6,356","6,310","6,265","5,871","5,826","5,690","5,127","5,134","5,140","5,147","4,741","4,731","4,368","4,433","4,488","4,543","4,598","4,486","4,788","4,970","5,177","5,090","5,003","4,916","4,967","5,139","4,993","4,878","4,848","4,818","4,788","5,018","5,115","5,110","5,149","5,188","5,227","5,266","5,305","5,184"
AEX Index,Netherlands,NLD,608,610,609,607,606,610,608,614,614,613,612,610,610,612,612,614,614,615,615,610,610,610,611,609,607,606,601,603,599,602,598,595,591,596,604,617,617,616,616,615,622,625,627,629,630,630,631,623,627,629,620,614,608,602,597,578,570,541,545,548,551,552,550,561,541,529,518,507,499,493,461,452,438,423,409,432,411,404,440,431,421,412,441,471,463,471,469,468,466,481,469,474,475,479,483,486,504,496,507,508,509,510,511,512,506
WIG Index,Poland,POL,"58,122","58,784","58,738","58,691","58,656","58,598","58,192","58,062","58,603","58,662","58,721","58,780","59,264","59,088","58,825","58,894","58,956","59,019","59,082","59,019","58,945","58,373","58,518","58,398","58,278","58,158","57,216","57,524","56,823","57,073","56,899","56,725","56,550","57,036","57,628","58,381","57,721","57,753","57,785","57,817","57,689","58,047","58,073","58,173","58,185","58,197","58,210","57,686","58,051","57,984","57,572","57,335","57,099","56,862","55,088","53,735","53,222","50,385","50,357","50,329","50,301","50,642","51,993","52,015","50,341","49,426","48,512","47,597","45,993","45,206","40,950","37,770","37,857","37,944","38,031","38,462","39,792","39,369","41,884","41,404","40,923","40,442","40,373","41,144","39,779","41,315","41,235","41,154","41,074","41,043","41,146","41,171","41,173","41,548","41,923","42,298","44,117","44,043","43,958","44,170","44,381","44,593","44,804","45,015","46,266"
PSI20 Index ,Portugal,PRT,"5,239","5,247","5,236","5,226","5,216","5,236","5,208","5,242","5,240","5,248","5,255","5,263","5,274","5,331","5,321","5,325","5,322","5,319","5,316","5,273","5,289","5,244","5,272","5,261","5,249","5,237","5,219","5,260","5,258","5,272","5,264","5,256","5,248","5,249","5,264","5,336","5,281","5,280","5,279","5,278","5,299","5,331","5,304","5,331","5,344","5,357","5,370","5,373","5,402","5,452","5,425","5,383","5,341","5,299","5,233","5,045","5,033","4,799","4,827","4,855","4,883","4,897","4,914","4,990","4,748","4,652","4,557","4,461","4,326","4,298","4,039","3,896","3,809","3,722","3,635","3,809","3,806","3,694","3,699","3,651","3,603","3,555","3,718","4,017","3,913","3,969","3,956","3,944","3,932","4,021","4,002","4,021","3,986","4,000","4,014","4,029","4,094","4,057","4,110","4,143","4,176","4,210","4,243","4,276","4,235"
IBEX Index,Spain,ESP,"9,639","9,631","9,616","9,601","9,585","9,623","9,535","9,629","9,611","9,603","9,595","9,587","9,548","9,521","9,517","9,616","9,636","9,656","9,677","9,593","9,622","9,549","9,577","9,534","9,490","9,447","9,402","9,533","9,461","9,519","9,481","9,443","9,404","9,466","9,553","9,767","9,789","9,790","9,790","9,791","9,863","9,898","9,894","9,911","9,934","9,956","9,979","9,977","10,042","10,049","9,893","9,812","9,731","9,650","9,507","9,213","9,182","8,748","8,802","8,856","8,910","8,860","8,828","8,961","8,533","8,316","8,100","7,884","7,816","7,589","7,041","6,764","6,619","6,475","6,331","6,445","6,371","6,368","6,645","6,505","6,364","6,224","6,433","6,986","6,789","6,917","6,861","6,805","6,749","6,747","6,627","6,634","6,564","6,645","6,726","6,808","6,987","6,930","7,049","7,081","7,113","7,146","7,178","7,210","7,066"
OMX Index,Sweden,SWE,"1,772","1,806","1,801","1,796","1,792","1,785","1,795","1,798","1,798","1,794","1,790","1,786","1,791","1,793","1,787","1,813","1,817","1,821","1,825","1,820","1,824","1,809","1,798","1,802","1,805","1,808","1,773","1,790","1,789","1,789","1,787","1,786","1,784","1,785","1,821","1,848","1,851","1,850","1,850","1,849","1,859","1,885","1,887","1,882","1,883","1,884","1,885","1,887","1,881","1,901","1,897","1,889","1,880","1,872","1,800","1,766","1,780","1,667","1,679","1,691","1,703","1,705","1,702","1,723","1,648","1,607","1,565","1,523","1,557","1,548","1,433","1,380","1,355","1,330","1,306","1,367","1,331","1,346","1,423","1,379","1,335","1,290","1,351","1,427","1,412","1,454","1,446","1,437","1,429","1,472","1,439","1,437","1,426","1,432","1,438","1,443","1,494","1,494","1,519","1,521","1,523","1,525","1,528","1,530","1,531"
SMI Index,Switzerland,CHE,"10,585","10,585","10,608","10,630","10,653","10,714","10,628","10,722","10,678","10,667","10,656","10,645","10,617","10,656","10,687","10,724","10,764","10,804","10,844","10,826","10,907","10,889","10,866","10,832","10,797","10,763","10,730","10,795","10,805","10,814","10,760","10,705","10,650","10,707","10,790","11,040","10,996","10,986","10,977","10,968","11,080","11,094","11,071","11,106","11,122","11,139","11,156","11,095","11,190","11,256","11,108","11,101","11,093","11,086","10,750","10,405","10,457","10,205","10,085","9,965","9,844","10,000","10,129","10,304","10,140","10,005","9,871","9,737","9,248","9,256","9,153","8,283","8,308","8,334","8,360","8,227","8,493","8,361","8,782","8,729","8,677","8,624","8,188","8,772","8,895","9,175","9,133","9,090","9,048","9,185","9,312","9,212","9,281","9,274","9,267","9,260","9,470","9,427","9,466","9,474","9,483","9,491","9,499","9,507","9,530"
UKX Index,UnitedÿKingdom,GBR,"7,542","7,604","7,610","7,616","7,622","7,575","7,574","7,575","7,598","7,595","7,591","7,588","7,618","7,622","7,643","7,610","7,631","7,653","7,675","7,651","7,611","7,572","7,508","7,534","7,560","7,586","7,412","7,481","7,484","7,382","7,350","7,318","7,286","7,326","7,440","7,482","7,505","7,492","7,479","7,467","7,447","7,499","7,534","7,452","7,438","7,423","7,409","7,433","7,382","7,457","7,437","7,426","7,415","7,404","7,157","7,018","7,042","6,796","6,724","6,653","6,581","6,655","6,718","6,816","6,705","6,624","6,544","6,463","5,966","5,960","5,877","5,237","5,280","5,323","5,366","5,151","5,295","5,081","5,152","5,165","5,178","5,191","4,994","5,446","5,688","5,816","5,714","5,612","5,510","5,564","5,672","5,455","5,480","5,459","5,437","5,416","5,582","5,704","5,678","5,711","5,744","5,777","5,810","5,843","5,791"
SPTSX Index,Canada,CAN,"17,138","17,056","17,047","17,039","17,031","17,120","17,169","17,206","17,239","17,239","17,239","17,239","17,294","17,351","17,445","17,517","17,525","17,534","17,543","17,553","17,572","17,558","17,625","17,542","17,458","17,374","17,476","17,546","17,434","17,440","17,408","17,376","17,344","17,504","17,629","17,683","17,707","17,685","17,663","17,642","17,779","17,888","17,774","17,803","17,803","17,804","17,805","17,806","17,897","17,909","17,937","17,797","17,657","17,517","17,562","17,127","16,796","16,167","16,220","16,273","16,326","16,701","16,640","16,556","16,241","15,765","15,288","14,812","15,062","14,658","13,135","13,160","12,788","12,417","12,045","12,533","12,199","11,639","12,323","12,136","11,950","11,763","11,918","12,630","13,166","12,928","12,872","12,815","12,758","13,090","12,963","12,927","13,123","13,202","13,280","13,358","13,955","13,720","14,107","14,129","14,151","14,167","14,194","14,270","14,025"
SPX Index,US,USA,"3,245","3,226","3,223","3,220","3,218","3,242","3,239","3,266","3,282","3,278","3,275","3,271","3,285","3,282","3,303","3,324","3,323","3,322","3,322","3,321","3,330","3,316","3,333","3,304","3,276","3,247","3,255","3,289","3,256","3,282","3,267","3,251","3,236","3,281","3,325","3,345","3,336","3,330","3,324","3,318","3,366","3,371","3,366","3,378","3,376","3,374","3,372","3,369","3,380","3,380","3,361","3,326","3,292","3,258","3,239","3,140","3,063","2,917","2,936","2,955","2,974","3,096","3,046","3,076","2,954","2,924","2,894","2,864","2,813","2,826","2,631","2,570","2,550","2,529","2,509","2,426","2,437","2,393","2,432","2,385","2,338","2,291","2,344","2,458","2,501","2,556","2,557","2,558","2,559","2,615","2,498","2,459","2,515","2,536","2,557","2,578","2,739","2,685","2,777","2,778","2,780","2,781","2,782","2,805","2,796"
AS51 Index,Australia,AUS,"6,684","6,691","6,705","6,719","6,733","6,736","6,826","6,818","6,874","6,892","6,911","6,929","6,904","6,962","6,995","7,042","7,049","7,057","7,064","7,080","7,066","7,133","7,088","7,079","7,070","7,063","7,051","6,995","7,032","7,008","7,011","7,014","7,017","6,923","6,949","6,976","7,049","7,040","7,031","7,023","7,013","7,055","7,088","7,103","7,112","7,121","7,130","7,125","7,114","7,145","7,163","7,155","7,147","7,139","6,978","6,867","6,708","6,658","6,585","6,512","6,439","6,392","6,436","6,325","6,396","6,336","6,276","6,216","5,761","5,940","5,726","5,305","5,383","5,461","5,539","5,002","5,293","4,953","4,783","4,794","4,805","4,817","4,546","4,736","4,998","5,113","5,023","4,933","4,842","5,181","5,077","5,259","5,154","5,125","5,096","5,068","5,287","5,252","5,207","5,243","5,279","5,315","5,351","5,387","5,488"
NZX20 Index ,New Zealand,NZL,"7,528","7,528","7,554","7,579","7,604","7,632","7,636","7,590","7,568","7,572","7,576","7,580","7,569","7,634","7,673","7,724","7,739","7,754","7,768","7,729","7,781","7,845","7,850","7,843","7,836","7,829","7,784","7,695","7,693","7,685","7,698","7,710","7,723","7,617","7,581","7,615","7,649","7,686","7,723","7,760","7,720","7,819","7,869","7,864","7,851","7,838","7,825","7,862","7,900","7,944","8,012","8,017","8,022","8,027","7,873","7,800","7,680","7,609","7,569","7,530","7,491","7,411","7,574","7,635","7,789","7,738","7,687","7,636","7,446","7,315","7,294","6,895","6,799","6,703","6,607","6,405","6,394","6,402","6,202","6,219","6,236","6,253","5,856","6,274","6,330","6,598","6,576","6,554","6,532","6,612","6,683","6,785","6,745","6,759","6,772","6,786","6,670","6,666","6,844","6,827","6,810","6,794","6,777","6,760","6,894"
HSI Index,Hong Kong,HKG,"28,249","28,828","28,661","28,494","28,327","28,353","28,000","28,368","28,665","28,701","28,737","28,772","29,150","28,891","28,806","28,988","29,048","29,109","29,169","28,449","28,117","28,110","27,935","27,769","27,602","27,435","27,268","27,102","27,031","26,758","26,568","26,379","26,190","26,492","26,869","27,175","27,356","27,268","27,180","27,092","27,514","27,717","27,954","27,699","27,721","27,744","27,767","27,767","27,486","27,767","27,450","27,335","27,220","27,105","26,722","26,480","26,529","26,249","26,192","26,135","26,078","26,419","26,322","26,348","26,398","25,977","25,555","25,134","25,286","25,460","24,658","22,519","22,785","23,052","23,318","23,002","23,023","22,221","22,147","21,985","21,822","21,660","22,498","23,256","23,605","23,768","23,519","23,270","23,021","23,613","23,366","22,839","23,073","23,235","23,397","23,559","24,093","24,191","24,181","24,215","24,248","24,281","24,314","24,348","24,500"
NKY Index,Japan,JPN,"23,320","23,320","23,320","23,320","23,320","23,320","23,217","23,530","23,813","23,852","23,891","23,920","23,969","23,923","23,960","24,103","24,096","24,088","24,081","24,073","23,835","23,844","23,850","23,709","23,569","23,428","23,127","23,309","23,285","23,149","23,057","22,966","22,874","22,881","23,351","23,641","23,899","23,810","23,721","23,632","23,687","23,741","23,850","23,715","23,640","23,565","23,490","23,399","23,329","23,667","23,428","23,308","23,189","23,099","22,949","22,374","22,256","21,518","21,295","21,073","20,850","21,652","20,897","21,400","21,010","20,788","20,565","20,343","19,475","19,758","19,065","18,183","17,984","17,785","17,586","16,727","17,154","16,996","16,889","16,783","16,703","16,571","17,207","18,447","19,235","19,022","18,976","18,930","18,884","19,182","18,686","17,934","17,951","17,920","17,889","17,858","18,879","19,048","19,376","19,500","19,437","19,375","19,312","19,150","19,589"
KOSPI Index,"Korea, South",KOR,"2,201","2,193","2,180","2,168","2,155","2,167","2,156","2,182","2,189","2,194","2,199","2,204","2,243","2,230","2,232","2,262","2,262","2,261","2,261","2,260","2,239","2,255","2,242","2,230","2,217","2,205","2,192","2,188","2,182","2,161","2,136","2,111","2,087","2,121","2,177","2,185","2,221","2,210","2,198","2,186","2,214","2,226","2,246","2,233","2,236","2,240","2,243","2,226","2,223","2,224","2,166","2,148","2,131","2,114","2,076","2,064","2,074","2,020","2,012","2,005","1,997","2,052","2,006","2,078","2,053","2,029","2,005","1,981","1,943","1,966","1,888","1,723","1,750","1,778","1,805","1,641","1,686","1,626","1,498","1,490","1,482","1,474","1,524","1,668","1,699","1,756","1,727","1,699","1,670","1,739","1,737","1,694","1,731","1,736","1,741","1,745","1,827","1,816","1,838","1,836","1,842","1,847","1,853","1,846","1,865"
STI Index,Singapore,SGP,"3,230","3,260","3,247","3,234","3,222","3,236","3,211","3,263","3,253","3,255","3,257","3,259","3,262","3,267","3,257","3,283","3,282","3,282","3,281","3,272","3,243","3,252","3,235","3,220","3,204","3,192","3,173","3,181","3,183","3,173","3,159","3,145","3,131","3,136","3,164","3,215","3,214","3,190","3,166","3,142","3,168","3,182","3,230","3,216","3,218","3,219","3,221","3,203","3,199","3,218","3,189","3,179","3,169","3,160","3,145","3,132","3,110","3,044","3,025","3,007","2,988","3,032","3,015","3,037","2,999","2,963","2,927","2,892","2,766","2,838","2,752","2,556","2,556","2,557","2,558","2,470","2,473","2,415","2,315","2,301","2,288","2,274","2,293","2,430","2,519","2,546","2,524","2,502","2,480","2,454","2,468","2,402","2,451","2,444","2,437","2,430","2,506","2,528","2,565","2,564","2,563","2,562","2,561","2,571","2,647"
TWSE Index,Taiwan,TWN,"12,027","12,167","12,124","12,080","12,036","11,962","11,819","11,889","12,009","12,029","12,049","12,070","12,162","12,170","12,006","12,081","12,090","12,099","12,108","12,090","12,073","12,055","12,038","12,020","12,003","11,986","11,968","11,951","11,933","11,494","11,451","11,409","11,366","11,399","11,602","11,605","11,713","11,647","11,581","11,515","11,614","11,693","11,814","11,807","11,794","11,782","11,770","11,701","11,655","11,786","11,721","11,686","11,651","11,615","11,507","11,469","11,437","11,374","11,311","11,264","11,185","11,280","11,368","11,455","11,471","11,388","11,305","11,222","10,908","11,023","10,845","10,091","10,084","10,077","10,069","9,539","9,454","9,085","8,817","8,886","8,956","9,026","9,084","9,426","9,667","9,808","9,729","9,650","9,571","9,690","9,726","9,723","9,719","9,715","9,711","9,708","9,928","10,011","10,173","10,105","10,119","10,134","10,148","10,131","10,367"
IBOV Index,Brazil,BRA,"115,652","118,564","118,279","117,993","117,707","116,872","116,667","116,248","115,948","115,799","115,651","115,503","117,325","117,632","116,415","116,710","117,299","117,889","118,478","118,861","117,036","118,392","119,528","119,134","118,740","118,347","114,482","116,495","115,375","115,518","114,932","114,346","113,761","114,631","115,563","116,033","115,190","114,717","114,244","113,771","112,574","115,371","116,660","115,663","115,236","114,809","114,381","115,309","114,982","116,518","114,585","114,397","114,210","114,022","113,834","113,647","105,711","102,984","103,409","103,834","104,260","106,630","105,540","107,217","102,231","100,814","99,398","97,982","86,071","92,202","85,103","72,622","75,936","79,250","82,565","71,178","74,576","66,883","68,344","67,919","67,493","67,067","63,604","69,727","74,956","77,708","76,282","74,856","73,431","74,629","73,011","70,969","72,241","71,346","70,451","69,556","74,078","76,335","78,640","78,400","78,161","77,981","77,682","78,848","79,911"
TA-35 Index,Israel,ISR,"1,684","1,684","1,684","1,684","1,682","1,682","1,673","1,679","1,678","1,678","1,678","1,678","1,685","1,699","1,710","1,714","1,718","1,721","1,724","1,718","1,732","1,736","1,732","1,727","1,723","1,710","1,705","1,698","1,688","1,680","1,672","1,663","1,650","1,675","1,694","1,732","1,728","1,724","1,720","1,707","1,724","1,731","1,743","1,737","1,732","1,726","1,737","1,709","1,724","1,737","1,721","1,706","1,690","1,660","1,679","1,658","1,659","1,637","1,615","1,593","1,609","1,625","1,592","1,566","1,536","1,506","1,476","1,373","1,365","1,358","1,242","1,249","1,257","1,265","1,235","1,276","1,212","1,180","1,181","1,181","1,182","1,153","1,218","1,277","1,241","1,243","1,244","1,246","1,281","1,314","1,292","1,293","1,288","1,283","1,277","1,278","1,328","1,337","1,346","1,355","1,364","1,372","1,347","1,353","1,367"
SENSEX Index,India,IND,"41,340","41,635","41,549","41,464","41,378","40,983","40,575","41,217","41,568","41,642","41,715","41,788","41,883","41,970","41,925","41,929","42,040","42,152","42,263","41,488","41,467","41,192","41,377","41,422","41,466","41,511","41,300","41,132","41,380","41,147","40,753","40,227","39,701","40,179","40,922","41,209","41,394","41,319","41,243","41,167","41,183","41,331","41,707","41,510","41,448","41,386","41,324","41,042","41,122","41,335","41,260","41,186","41,130","41,037","40,498","40,195","39,948","39,087","39,029","38,970","38,911","38,481","38,716","38,604","37,614","37,393","37,171","36,950","36,210","35,469","34,473","31,214","31,844","32,474","33,103","31,612","30,969","27,773","28,461","28,177","27,893","27,609","27,056","26,500","29,074","30,748","30,241","29,734","29,227","29,295","29,505","29,064","28,624","28,692","28,761","28,812","28,898","29,702","30,571","30,727","30,883","31,001","31,196","31,236","31,277"
MEXBOL Index,Mexico,MEX,"43,740","44,355","44,400","44,445","44,490","44,522","44,161","44,453","44,594","44,636","44,678","44,720","44,805","44,727","44,531","45,312","45,478","45,645","45,811","45,807","45,659","45,502","45,494","45,264","45,033","44,803","44,207","44,858","45,088","44,760","44,653","44,545","44,465","44,331","45,253","44,870","44,407","44,402","44,396","44,390","44,379","45,194","45,338","45,123","45,081","45,038","44,996","44,991","45,046","44,956","44,811","44,537","44,263","43,989","43,940","43,148","42,512","41,184","41,253","41,322","41,391","42,209","42,712","43,264","42,134","41,457","40,779","40,102","39,502","39,248","38,371","37,488","37,281","37,074","36,919","36,660","36,097","35,566","35,285","35,017","34,749","34,481","33,338","34,548","35,518","34,951","34,627","34,303","33,979","34,239","34,099","33,686","33,709","33,686","33,664","33,641","34,688","34,625","34,639","34,653","34,666","34,680","34,694","34,766","34,594"
JALSH Index,South Africa,ZAF,"57,084","57,718","57,749","57,779","57,810","57,195","57,384","57,322","57,129","57,247","57,366","57,485","57,573","57,967","58,064","58,217","58,479","58,740","59,002","58,850","57,976","57,919","56,895","57,017","57,139","57,261","55,903","55,748","56,371","56,591","56,420","56,250","56,080","55,828","56,817","57,426","57,531","57,446","57,361","57,276","56,848","56,981","57,744","57,836","57,844","57,853","57,862","58,188","57,715","57,941","57,793","57,641","57,488","57,336","54,882","54,810","55,047","53,445","52,643","51,840","51,038","51,840","52,958","52,927","52,936","52,646","52,355","52,065","48,820","49,466","49,074","44,303","44,262","44,220","44,178","40,500","41,580","38,605","37,963","38,733","39,502","40,272","38,267","41,149","43,278","45,046","44,347","43,647","42,947","43,414","44,490","43,732","45,061","44,907","44,753","44,599","46,240","47,497","46,690","46,954","47,219","47,483","47,747","48,012","49,875"
MOEX10 Index,Russia,RUS,"5,344","5,344","5,364","5,383","5,402","5,406","5,410","5,435","5,476","5,485","5,494","5,503","5,553","5,501","5,503","5,544","5,572","5,599","5,626","5,642","5,635","5,565","5,494","5,493","5,492","5,492","5,371","5,420","5,452","5,390","5,372","5,353","5,335","5,303","5,391","5,422","5,414","5,411","5,408","5,405","5,355","5,416","5,459","5,428","5,419","5,411","5,403","5,422","5,330","5,404","5,433","5,423","5,412","5,405","5,392","5,200","5,210","5,011","4,941","4,871","4,801","4,769","4,845","4,866","4,844","4,814","4,785","4,762","4,725","4,392","4,368","4,031","4,026","4,020","4,014","3,898","3,870","3,651","3,923","3,954","3,985","4,015","3,941","4,206","4,288","4,374","4,311","4,247","4,184","4,228","4,391","4,368","4,471","4,483","4,495","4,507","4,595","4,618","4,665","4,750","4,733","4,715","4,697","4,595","4,585"
OBX Index,Norway,NOR,851.57,853.47,852.19,850.92,853.29,849.34,850.52,849.55,850.69,851.11,851.52,850.79,848.9,846.77,846.6,856.87,858.28,859.69,856.04,850.89,851.72,838.69,846.91,845.15,843.4,830.67,835.95,834.44,826.41,822.33,819.12,815.83,821.87,823.72,836.15,842.61,826.61,825.49,824.38,819.72,831.97,837.3,832.07,835.17,835.24,835.31,834.59,833.96,842.48,848,842.74,838.66,834.6,808.1,805.9,799.02,759.62,747.75,745.95,744.18,751.74,774.88,774.05,756.05,722.73,711.77,700.81,660.85,662.58,640.56,586.22,609.37,607.32,605.28,585.76,596.79,592.78,624.65,621.51,617.78,614.08,591.03,622.11,631.25,640.85,611.7,607.02,602.34,631.16,649.19,663.34,657.38,656.14,657.69,659.25,668.34,679.05,669.31,677.15,679.11,680.5,681.88,682.78,689.26,674.94
